[{"model": "contenttypes.contenttype", "pk": 1, "fields": {"app_label": "admin", "model": "logentry"}}, {"model": "contenttypes.contenttype", "pk": 2, "fields": {"app_label": "auth", "model": "permission"}}, {"model": "contenttypes.contenttype", "pk": 3, "fields": {"app_label": "auth", "model": "group"}}, {"model": "contenttypes.contenttype", "pk": 4, "fields": {"app_label": "contenttypes", "model": "contenttype"}}, {"model": "contenttypes.contenttype", "pk": 5, "fields": {"app_label": "sessions", "model": "session"}}, {"model": "contenttypes.contenttype", "pk": 6, "fields": {"app_label": "profiles", "model": "user"}}, {"model": "contenttypes.contenttype", "pk": 7, "fields": {"app_label": "reconocimientos", "model": "categoria"}}, {"model": "contenttypes.contenttype", "pk": 8, "fields": {"app_label": "reconocimientos", "model": "puntuacion"}}, {"model": "contenttypes.contenttype", "pk": 9, "fields": {"app_label": "reconocimientos", "model": "proyecto"}}, {"model": "contenttypes.contenttype", "pk": 10, "fields": {"app_label": "reconocimientos", "model": "mencion"}}, {"model": "sessions.session", "pk": "0jkx9oygw00d6wxkjv92wvf3oy48z4kx", "fields": {"session_data": "OGU0NDVmMTE3MWQxYTlhYjM1NmIzNzJhNjUxNzk0YTQ0NTY3MTA4OTp7Il9hdXRoX3VzZXJfaWQiOiIxMSIsIl9hdXRoX3VzZXJfYmFja2VuZCI6ImRqYW5nby5jb250cmliLmF1dGguYmFja2VuZHMuTW9kZWxCYWNrZW5kIiwiX2F1dGhfdXNlcl9oYXNoIjoiMzE0YzdkMWY4Mzc4ZjFjOTVjYjZiNDQ1YzA2MDk3ODhhOGE4NTdiYyJ9", "expire_date": "2020-01-22T15:50:50.895Z"}}, {"model": "sessions.session", "pk": "1p2t8qly66yaj330bedkrzbjb8w1h1jo", "fields": {"session_data": "OTkxMmJiOTFlNTAwM2JiNTQ1NjUyMWRiNTgzZTcxNDJmOWYzZmQ2Zjp7fQ==", "expire_date": "2020-01-21T16:11:46.243Z"}}, {"model": "sessions.session", "pk": "1zdc5l4no4aepjh35o0izihe5c4v9i7e", "fields": {"session_data": "OTkxMmJiOTFlNTAwM2JiNTQ1NjUyMWRiNTgzZTcxNDJmOWYzZmQ2Zjp7fQ==", "expire_date": "2020-01-21T16:06:20.831Z"}}, {"model": "sessions.session", "pk": "3tfh6q3glvcr19mh6crroftk0452vq0b", "fields": {"session_data": "OGU0NDVmMTE3MWQxYTlhYjM1NmIzNzJhNjUxNzk0YTQ0NTY3MTA4OTp7Il9hdXRoX3VzZXJfaWQiOiIxMSIsIl9hdXRoX3VzZXJfYmFja2VuZCI6ImRqYW5nby5jb250cmliLmF1dGguYmFja2VuZHMuTW9kZWxCYWNrZW5kIiwiX2F1dGhfdXNlcl9oYXNoIjoiMzE0YzdkMWY4Mzc4ZjFjOTVjYjZiNDQ1YzA2MDk3ODhhOGE4NTdiYyJ9", "expire_date": "2020-03-18T12:03:04.727Z"}}, {"model": "sessions.session", "pk": "7qzqca9fu8inftq01mjyqwp6i8tygdq6", "fields": {"session_data": "OGU0NDVmMTE3MWQxYTlhYjM1NmIzNzJhNjUxNzk0YTQ0NTY3MTA4OTp7Il9hdXRoX3VzZXJfaWQiOiIxMSIsIl9hdXRoX3VzZXJfYmFja2VuZCI6ImRqYW5nby5jb250cmliLmF1dGguYmFja2VuZHMuTW9kZWxCYWNrZW5kIiwiX2F1dGhfdXNlcl9oYXNoIjoiMzE0YzdkMWY4Mzc4ZjFjOTVjYjZiNDQ1YzA2MDk3ODhhOGE4NTdiYyJ9", "expire_date": "2020-02-28T09:11:24.684Z"}}, {"model": "sessions.session", "pk": "916kxuz7g8rf64gsi3dklgt3vqmt5q79", "fields": {"session_data": "MGQ4OWJjMGUxOTI1Y2Q3YjQ3NTI5NTY3MWJhYjlmYmMzOWJlZmI2Njp7Il9hdXRoX3VzZXJfaWQiOiIxIiwiX2F1dGhfdXNlcl9iYWNrZW5kIjoiZGphbmdvLmNvbnRyaWIuYXV0aC5iYWNrZW5kcy5Nb2RlbEJhY2tlbmQiLCJfYXV0aF91c2VyX2hhc2giOiJlOTc0ZjMzZTBiYWRmYzMxOTRlY2MxMDI0NTEwMmNkNzhiMWVmZjc5In0=", "expire_date": "2020-01-09T11:18:23.219Z"}}, {"model": "sessions.session", "pk": "975gw4ctxowev0iqrc5gs1t8d4xmkp46", "fields": {"session_data": "MGQ4OWJjMGUxOTI1Y2Q3YjQ3NTI5NTY3MWJhYjlmYmMzOWJlZmI2Njp7Il9hdXRoX3VzZXJfaWQiOiIxIiwiX2F1dGhfdXNlcl9iYWNrZW5kIjoiZGphbmdvLmNvbnRyaWIuYXV0aC5iYWNrZW5kcy5Nb2RlbEJhY2tlbmQiLCJfYXV0aF91c2VyX2hhc2giOiJlOTc0ZjMzZTBiYWRmYzMxOTRlY2MxMDI0NTEwMmNkNzhiMWVmZjc5In0=", "expire_date": "2020-02-06T16:46:18.853Z"}}, {"model": "sessions.session", "pk": "9b0w6iclfku0hp0jj9usik8obz3m1hzn", "fields": {"session_data": "MGQ4OWJjMGUxOTI1Y2Q3YjQ3NTI5NTY3MWJhYjlmYmMzOWJlZmI2Njp7Il9hdXRoX3VzZXJfaWQiOiIxIiwiX2F1dGhfdXNlcl9iYWNrZW5kIjoiZGphbmdvLmNvbnRyaWIuYXV0aC5iYWNrZW5kcy5Nb2RlbEJhY2tlbmQiLCJfYXV0aF91c2VyX2hhc2giOiJlOTc0ZjMzZTBiYWRmYzMxOTRlY2MxMDI0NTEwMmNkNzhiMWVmZjc5In0=", "expire_date": "2020-01-13T11:10:02.822Z"}}, {"model": "sessions.session", "pk": "em1gzvw17z937z54dhilzqg0f2zb5syf", "fields": {"session_data": "OGU0NDVmMTE3MWQxYTlhYjM1NmIzNzJhNjUxNzk0YTQ0NTY3MTA4OTp7Il9hdXRoX3VzZXJfaWQiOiIxMSIsIl9hdXRoX3VzZXJfYmFja2VuZCI6ImRqYW5nby5jb250cmliLmF1dGguYmFja2VuZHMuTW9kZWxCYWNrZW5kIiwiX2F1dGhfdXNlcl9oYXNoIjoiMzE0YzdkMWY4Mzc4ZjFjOTVjYjZiNDQ1YzA2MDk3ODhhOGE4NTdiYyJ9", "expire_date": "2020-02-03T16:45:59.607Z"}}, {"model": "sessions.session", "pk": "tzu5hcvspfqt9vjn3xan3o8fy36ndgc9", "fields": {"session_data": "MGQ4OWJjMGUxOTI1Y2Q3YjQ3NTI5NTY3MWJhYjlmYmMzOWJlZmI2Njp7Il9hdXRoX3VzZXJfaWQiOiIxIiwiX2F1dGhfdXNlcl9iYWNrZW5kIjoiZGphbmdvLmNvbnRyaWIuYXV0aC5iYWNrZW5kcy5Nb2RlbEJhY2tlbmQiLCJfYXV0aF91c2VyX2hhc2giOiJlOTc0ZjMzZTBiYWRmYzMxOTRlY2MxMDI0NTEwMmNkNzhiMWVmZjc5In0=", "expire_date": "2020-08-05T09:02:30.593Z"}}, {"model": "sessions.session", "pk": "vlohzr7t1jjqiq0wg2wu87044lrkwprm", "fields": {"session_data": "MGQ4OWJjMGUxOTI1Y2Q3YjQ3NTI5NTY3MWJhYjlmYmMzOWJlZmI2Njp7Il9hdXRoX3VzZXJfaWQiOiIxIiwiX2F1dGhfdXNlcl9iYWNrZW5kIjoiZGphbmdvLmNvbnRyaWIuYXV0aC5iYWNrZW5kcy5Nb2RlbEJhY2tlbmQiLCJfYXV0aF91c2VyX2hhc2giOiJlOTc0ZjMzZTBiYWRmYzMxOTRlY2MxMDI0NTEwMmNkNzhiMWVmZjc5In0=", "expire_date": "2020-01-21T16:52:46.695Z"}}, {"model": "sessions.session", "pk": "yidy8q397xk00hswfpwo3q37krixm1gr", "fields": {"session_data": "OTkxMmJiOTFlNTAwM2JiNTQ1NjUyMWRiNTgzZTcxNDJmOWYzZmQ2Zjp7fQ==", "expire_date": "2020-01-21T16:09:13.314Z"}}, {"model": "reconocimientos.categoria", "pk": 1, "fields": {"nombre": "Problem Solving Skills", "descripcion": "", "puntuacion": []}}, {"model": "reconocimientos.categoria", "pk": 2, "fields": {"nombre": "Tech Programming Skills", "descripcion": "", "puntuacion": []}}, {"model": "reconocimientos.categoria", "pk": 3, "fields": {"nombre": "Solution Design Skills", "descripcion": "", "puntuacion": []}}, {"model": "reconocimientos.categoria", "pk": 4, "fields": {"nombre": "Ideation & Change Skills", "descripcion": "", "puntuacion": []}}, {"model": "reconocimientos.categoria", "pk": 5, "fields": {"nombre": "/bluetab Values & Fellowship", "descripcion": "", "puntuacion": []}}, {"model": "reconocimientos.puntuacion", "pk": 1, "fields": {"denominacion": "A", "valor": 100, "descripcion": ""}}, {"model": "reconocimientos.puntuacion", "pk": 2, "fields": {"denominacion": "B", "valor": 80, "descripcion": ""}}, {"model": "reconocimientos.puntuacion", "pk": 3, "fields": {"denominacion": "C", "valor": 60, "descripcion": ""}}, {"model": "reconocimientos.puntuacion", "pk": 4, "fields": {"denominacion": "D", "valor": 40, "descripcion": ""}}, {"model": "reconocimientos.puntuacion", "pk": 5, "fields": {"denominacion": "E", "valor": 20, "descripcion": ""}}, {"model": "reconocimientos.puntuacion", "pk": 6, "fields": {"denominacion": "N/A", "valor": 0, "descripcion": ""}}, {"model": "auth.permission", "pk": 1, "fields": {"name": "Can add log entry", "content_type": 1, "codename": "add_logentry"}}, {"model": "auth.permission", "pk": 2, "fields": {"name": "Can change log entry", "content_type": 1, "codename": "change_logentry"}}, {"model": "auth.permission", "pk": 3, "fields": {"name": "Can delete log entry", "content_type": 1, "codename": "delete_logentry"}}, {"model": "auth.permission", "pk": 4, "fields": {"name": "Can view log entry", "content_type": 1, "codename": "view_logentry"}}, {"model": "auth.permission", "pk": 5, "fields": {"name": "Can add permission", "content_type": 2, "codename": "add_permission"}}, {"model": "auth.permission", "pk": 6, "fields": {"name": "Can change permission", "content_type": 2, "codename": "change_permission"}}, {"model": "auth.permission", "pk": 7, "fields": {"name": "Can delete permission", "content_type": 2, "codename": "delete_permission"}}, {"model": "auth.permission", "pk": 8, "fields": {"name": "Can view permission", "content_type": 2, "codename": "view_permission"}}, {"model": "auth.permission", "pk": 9, "fields": {"name": "Can add group", "content_type": 3, "codename": "add_group"}}, {"model": "auth.permission", "pk": 10, "fields": {"name": "Can change group", "content_type": 3, "codename": "change_group"}}, {"model": "auth.permission", "pk": 11, "fields": {"name": "Can delete group", "content_type": 3, "codename": "delete_group"}}, {"model": "auth.permission", "pk": 12, "fields": {"name": "Can view group", "content_type": 3, "codename": "view_group"}}, {"model": "auth.permission", "pk": 13, "fields": {"name": "Can add content type", "content_type": 4, "codename": "add_contenttype"}}, {"model": "auth.permission", "pk": 14, "fields": {"name": "Can change content type", "content_type": 4, "codename": "change_contenttype"}}, {"model": "auth.permission", "pk": 15, "fields": {"name": "Can delete content type", "content_type": 4, "codename": "delete_contenttype"}}, {"model": "auth.permission", "pk": 16, "fields": {"name": "Can view content type", "content_type": 4, "codename": "view_contenttype"}}, {"model": "auth.permission", "pk": 17, "fields": {"name": "Can add session", "content_type": 5, "codename": "add_session"}}, {"model": "auth.permission", "pk": 18, "fields": {"name": "Can change session", "content_type": 5, "codename": "change_session"}}, {"model": "auth.permission", "pk": 19, "fields": {"name": "Can delete session", "content_type": 5, "codename": "delete_session"}}, {"model": "auth.permission", "pk": 20, "fields": {"name": "Can view session", "content_type": 5, "codename": "view_session"}}, {"model": "auth.permission", "pk": 21, "fields": {"name": "Can add user", "content_type": 6, "codename": "add_user"}}, {"model": "auth.permission", "pk": 22, "fields": {"name": "Can change user", "content_type": 6, "codename": "change_user"}}, {"model": "auth.permission", "pk": 23, "fields": {"name": "Can delete user", "content_type": 6, "codename": "delete_user"}}, {"model": "auth.permission", "pk": 24, "fields": {"name": "Can view user", "content_type": 6, "codename": "view_user"}}, {"model": "auth.permission", "pk": 25, "fields": {"name": "Can add categoria", "content_type": 7, "codename": "add_categoria"}}, {"model": "auth.permission", "pk": 26, "fields": {"name": "Can change categoria", "content_type": 7, "codename": "change_categoria"}}, {"model": "auth.permission", "pk": 27, "fields": {"name": "Can delete categoria", "content_type": 7, "codename": "delete_categoria"}}, {"model": "auth.permission", "pk": 28, "fields": {"name": "Can view categoria", "content_type": 7, "codename": "view_categoria"}}, {"model": "auth.permission", "pk": 29, "fields": {"name": "Can add puntuacion", "content_type": 8, "codename": "add_puntuacion"}}, {"model": "auth.permission", "pk": 30, "fields": {"name": "Can change puntuacion", "content_type": 8, "codename": "change_puntuacion"}}, {"model": "auth.permission", "pk": 31, "fields": {"name": "Can delete puntuacion", "content_type": 8, "codename": "delete_puntuacion"}}, {"model": "auth.permission", "pk": 32, "fields": {"name": "Can view puntuacion", "content_type": 8, "codename": "view_puntuacion"}}, {"model": "auth.permission", "pk": 33, "fields": {"name": "Can add proyecto", "content_type": 9, "codename": "add_proyecto"}}, {"model": "auth.permission", "pk": 34, "fields": {"name": "Can change proyecto", "content_type": 9, "codename": "change_proyecto"}}, {"model": "auth.permission", "pk": 35, "fields": {"name": "Can delete proyecto", "content_type": 9, "codename": "delete_proyecto"}}, {"model": "auth.permission", "pk": 36, "fields": {"name": "Can view proyecto", "content_type": 9, "codename": "view_proyecto"}}, {"model": "auth.permission", "pk": 37, "fields": {"name": "Can add mencion", "content_type": 10, "codename": "add_mencion"}}, {"model": "auth.permission", "pk": 38, "fields": {"name": "Can change mencion", "content_type": 10, "codename": "change_mencion"}}, {"model": "auth.permission", "pk": 39, "fields": {"name": "Can delete mencion", "content_type": 10, "codename": "delete_mencion"}}, {"model": "auth.permission", "pk": 40, "fields": {"name": "Can view mencion", "content_type": 10, "codename": "view_mencion"}}, {"model": "profiles.user", "pk": 1, "fields": {"password": "pbkdf2_sha256$180000$Pw5Deww4wmgF$DXco7txTvrsbinnSC6qqy5oqqUzhZQfnhOFHQgFMUhQ=", "last_login": "2020-07-22T09:02:30.590Z", "is_superuser": true, "username": "admin", "first_name": "Admin", "last_name": "", "email": "", "is_staff": true, "is_active": true, "date_joined": "2019-12-23T15:46:20Z", "menciones_hechas": 4, "promedio_puntuaciones": null, "es_mvp_mes": false, "groups": [], "user_permissions": [], "categorias": [], "menciones": [], "proyectos": []}}, {"model": "profiles.user", "pk": 2, "fields": {"password": "!G9jyfMt1BIkaVFfpFamhq0KPPRmMacV38hlFtr56", "last_login": null, "is_superuser": false, "username": "andres", "first_name": "Andr\u00e9s", "last_name": "Gonz\u00e1lez", "email": "andres.gonzalez@bluetab.net", "is_staff": false, "is_active": true, "date_joined": "2019-12-23T16:52:07Z", "menciones_hechas": 4, "promedio_puntuaciones": 65, "es_mvp_mes": false, "groups": [], "user_permissions": [], "categorias": [1, 2, 3, 4, 5], "menciones": [], "proyectos": [3]}}, {"model": "profiles.user", "pk": 3, "fields": {"password": "!3feCFgjhwbX31UPazzfDrkubCQKtfmd7tIql7sT3", "last_login": null, "is_superuser": false, "username": "pedro", "first_name": "Pedro", "last_name": "G\u00f3mez", "email": "pedro.gomez@bluetab.net", "is_staff": false, "is_active": true, "date_joined": "2019-12-23T17:04:16Z", "menciones_hechas": 4, "promedio_puntuaciones": 63, "es_mvp_mes": false, "groups": [], "user_permissions": [], "categorias": [4, 5], "menciones": [], "proyectos": [1]}}, {"model": "profiles.user", "pk": 4, "fields": {"password": "!OpQyEaXKSNBBRMg6KkxNqP2X9N668e7NQiiZccH7", "last_login": null, "is_superuser": false, "username": "luis", "first_name": "Luis", "last_name": "L\u00f3pez", "email": "luis.lopez@bluetab.net", "is_staff": false, "is_active": true, "date_joined": "2019-12-23T17:04:36Z", "menciones_hechas": 4, "promedio_puntuaciones": 70, "es_mvp_mes": false, "groups": [], "user_permissions": [], "categorias": [1, 2, 3, 4, 5], "menciones": [], "proyectos": [5]}}, {"model": "profiles.user", "pk": 5, "fields": {"password": "!rEqaIWA1T4VvHl1NxwQ2822ooAtSnzk4XhjWHDWp", "last_login": null, "is_superuser": false, "username": "jimenz91", "first_name": "Carlos", "last_name": "Jim\u00e9nez", "email": "carlos.jimenez@bluetab.net", "is_staff": false, "is_active": true, "date_joined": "2019-12-23T17:05:10Z", "menciones_hechas": 4, "promedio_puntuaciones": 80, "es_mvp_mes": false, "groups": [], "user_permissions": [], "categorias": [1, 2, 3, 4, 5], "menciones": [], "proyectos": [4]}}, {"model": "profiles.user", "pk": 6, "fields": {"password": "!Zfl8CbxH2c0BEHQQy23xnnrFi0PlQduoCN87GbNU", "last_login": null, "is_superuser": false, "username": "alfredo", "first_name": "Alfredo", "last_name": "Ru\u00edz", "email": "alfredo.ruiz@bluetab.net", "is_staff": false, "is_active": true, "date_joined": "2019-12-26T08:33:03Z", "menciones_hechas": 4, "promedio_puntuaciones": 60, "es_mvp_mes": false, "groups": [], "user_permissions": [], "categorias": [1, 2, 3, 4, 5], "menciones": [], "proyectos": [3]}}, {"model": "profiles.user", "pk": 7, "fields": {"password": "!vzCSp0NpF87jjVJdfostj0ldDvdChuts5vAyqj8m", "last_login": null, "is_superuser": false, "username": "gonzalo", "first_name": "Gonzalo", "last_name": "Mart\u00ednez", "email": "gonzalo.martinez@bluetab.net", "is_staff": false, "is_active": true, "date_joined": "2019-12-26T08:33:48Z", "menciones_hechas": 4, "promedio_puntuaciones": 59, "es_mvp_mes": false, "groups": [], "user_permissions": [], "categorias": [1, 2, 3, 4, 5], "menciones": [], "proyectos": [2]}}, {"model": "profiles.user", "pk": 8, "fields": {"password": "!WhxAEdW3TVAWIZMj01GsQAhDAsquiJFnrqF4GKyc", "last_login": null, "is_superuser": false, "username": "octavio", "first_name": "Octavio", "last_name": "Mart\u00edn", "email": "octavio.martin@bluetab.net", "is_staff": false, "is_active": true, "date_joined": "2019-12-26T08:34:18Z", "menciones_hechas": 4, "promedio_puntuaciones": 66, "es_mvp_mes": false, "groups": [], "user_permissions": [], "categorias": [1, 2, 3, 4, 5], "menciones": [], "proyectos": [1]}}, {"model": "profiles.user", "pk": 9, "fields": {"password": "!wP7n2X4S5SgtyYsOgvECW3aP8dMnmihBcUDDSYGC", "last_login": null, "is_superuser": false, "username": "xavier", "first_name": "Xavier", "last_name": "Guzm\u00e1n", "email": "xavier.guzman@bluetab.net", "is_staff": false, "is_active": true, "date_joined": "2019-12-26T11:55:15Z", "menciones_hechas": 4, "promedio_puntuaciones": 68, "es_mvp_mes": false, "groups": [], "user_permissions": [], "categorias": [1, 2, 3, 4, 5], "menciones": [], "proyectos": [4]}}, {"model": "profiles.user", "pk": 10, "fields": {"password": "pbkdf2_sha256$180000$9T6V31R598sC$TjvvZ0gXYnh+O/kIM2rs1haUPrUWUJj9N5Bnribjpbc=", "last_login": null, "is_superuser": false, "username": "santiago", "first_name": "Santiago", "last_name": "L\u00f3pez", "email": "santiago.lopez@bluetab.net", "is_staff": false, "is_active": true, "date_joined": "2019-12-26T14:56:41Z", "menciones_hechas": 4, "promedio_puntuaciones": 60, "es_mvp_mes": false, "groups": [], "user_permissions": [], "categorias": [1, 2, 3, 4, 5], "menciones": [], "proyectos": [1]}}, {"model": "profiles.user", "pk": 11, "fields": {"password": "pbkdf2_sha256$180000$T4D9sgr13U9C$ITJ5dGfiX6lIQ6WfIslb9i2zms9LUxKF6uORXk/ydzQ=", "last_login": "2020-03-04T12:03:04.719Z", "is_superuser": false, "username": "antonio", "first_name": "Antonio", "last_name": "Cuenca", "email": "antonio.cuenca@bluetab.net", "is_staff": false, "is_active": true, "date_joined": "2019-12-26T15:57:08Z", "menciones_hechas": 0, "promedio_puntuaciones": 63, "es_mvp_mes": false, "groups": [], "user_permissions": [], "categorias": [3, 4, 5], "menciones": [], "proyectos": [5]}}, {"model": "profiles.user", "pk": 12, "fields": {"password": "pbkdf2_sha256$180000$prBdZjCj2tFq$hOYndO/80Qb/mqByzxTvbGwb4ZiGAcnQ6XfiihrScgk=", "last_login": "2020-01-07T15:46:34.236Z", "is_superuser": false, "username": "Ignacio", "first_name": "Ignacio", "last_name": "Arteaga", "email": "ignacio.arteaga@bluetab.net", "is_staff": false, "is_active": true, "date_joined": "2020-01-07T15:41:41.947Z", "menciones_hechas": 4, "promedio_puntuaciones": null, "es_mvp_mes": false, "groups": [], "user_permissions": [], "categorias": [], "menciones": [], "proyectos": []}}, {"model": "profiles.user", "pk": 13, "fields": {"password": "pbkdf2_sha256$180000$p8KdDXpvztpl$rxon3ohyWgEEFMhR2/gxNQxbpC5SfaIxDxd2oEjNSOI=", "last_login": null, "is_superuser": false, "username": "fernando", "first_name": "Fernando", "last_name": "Lara", "email": "fernando.lara@bluetab.net", "is_staff": false, "is_active": true, "date_joined": "2020-01-07T16:06:20Z", "menciones_hechas": 4, "promedio_puntuaciones": 46, "es_mvp_mes": false, "groups": [], "user_permissions": [], "categorias": [2, 4, 5], "menciones": [], "proyectos": [5]}}, {"model": "profiles.user", "pk": 14, "fields": {"password": "pbkdf2_sha256$180000$RE1xXsfDNZI5$UC4dsCNSU7fAyz3JPVfHRs9CNfp1EDg3jLt/zlirzIk=", "last_login": null, "is_superuser": false, "username": "manuel", "first_name": "Manuel", "last_name": "Molina", "email": "manuel.molina@bluetab.net", "is_staff": false, "is_active": true, "date_joined": "2020-01-07T16:09:13Z", "menciones_hechas": 4, "promedio_puntuaciones": 60, "es_mvp_mes": false, "groups": [], "user_permissions": [], "categorias": [2, 4], "menciones": [], "proyectos": [5]}}, {"model": "profiles.user", "pk": 15, "fields": {"password": "pbkdf2_sha256$180000$vbyNu3i6V51j$Dxje/XTQDg5xgpVB4PlSxoEwRxtdsaJqS5CenQ+amOQ=", "last_login": "2020-01-07T17:08:14Z", "is_superuser": false, "username": "victoria", "first_name": "Victoria", "last_name": "Lares", "email": "victoria.lares@bluetab.net", "is_staff": false, "is_active": true, "date_joined": "2020-01-07T16:11:46Z", "menciones_hechas": 4, "promedio_puntuaciones": 80, "es_mvp_mes": false, "groups": [], "user_permissions": [], "categorias": [1, 2, 3, 4, 5], "menciones": [], "proyectos": [5]}}, {"model": "profiles.user", "pk": 16, "fields": {"password": "pbkdf2_sha256$180000$ASIwuDsFflnF$aKXvxoyBJvBxCMUsqAy6mKKKAjmGx2RKZ0rt6i2IRho=", "last_login": "2020-01-07T16:13:49Z", "is_superuser": false, "username": "Nadia", "first_name": "Nadia", "last_name": "Luengo", "email": "nadia.luengo@bluetab.net", "is_staff": false, "is_active": true, "date_joined": "2020-01-07T16:13:49Z", "menciones_hechas": 4, "promedio_puntuaciones": 60, "es_mvp_mes": false, "groups": [], "user_permissions": [], "categorias": [1, 3, 5], "menciones": [], "proyectos": [5]}}, {"model": "reconocimientos.mencion", "pk": 1, "fields": {"emisor": 5, "receptor": 2, "categoria": 1, "puntuacion": 1, "fecha_realizaci\u00f3n": "2019-12-26T09:40:14.226Z"}}, {"model": "reconocimientos.mencion", "pk": 2, "fields": {"emisor": 5, "receptor": 2, "categoria": 2, "puntuacion": 2, "fecha_realizaci\u00f3n": "2019-12-26T09:40:25.859Z"}}, {"model": "reconocimientos.mencion", "pk": 3, "fields": {"emisor": 5, "receptor": 2, "categoria": 3, "puntuacion": 2, "fecha_realizaci\u00f3n": "2019-12-26T09:40:37.582Z"}}, {"model": "reconocimientos.mencion", "pk": 4, "fields": {"emisor": 5, "receptor": 2, "categoria": 4, "puntuacion": 4, "fecha_realizaci\u00f3n": "2019-12-26T09:40:51.623Z"}}, {"model": "reconocimientos.mencion", "pk": 5, "fields": {"emisor": 5, "receptor": 2, "categoria": 5, "puntuacion": 5, "fecha_realizaci\u00f3n": "2019-12-26T09:41:14.832Z"}}, {"model": "reconocimientos.mencion", "pk": 6, "fields": {"emisor": 1, "receptor": 2, "categoria": 1, "puntuacion": 1, "fecha_realizaci\u00f3n": "2019-12-26T10:59:24.399Z"}}, {"model": "reconocimientos.mencion", "pk": 7, "fields": {"emisor": 1, "receptor": 2, "categoria": 2, "puntuacion": 2, "fecha_realizaci\u00f3n": "2019-12-26T10:59:24.408Z"}}, {"model": "reconocimientos.mencion", "pk": 8, "fields": {"emisor": 1, "receptor": 2, "categoria": 3, "puntuacion": 3, "fecha_realizaci\u00f3n": "2019-12-26T10:59:24.416Z"}}, {"model": "reconocimientos.mencion", "pk": 9, "fields": {"emisor": 1, "receptor": 2, "categoria": 1, "puntuacion": 1, "fecha_realizaci\u00f3n": "2019-12-26T11:00:15.098Z"}}, {"model": "reconocimientos.mencion", "pk": 10, "fields": {"emisor": 1, "receptor": 2, "categoria": 2, "puntuacion": 2, "fecha_realizaci\u00f3n": "2019-12-26T11:00:15.108Z"}}, {"model": "reconocimientos.mencion", "pk": 11, "fields": {"emisor": 1, "receptor": 2, "categoria": 3, "puntuacion": 3, "fecha_realizaci\u00f3n": "2019-12-26T11:00:15.115Z"}}, {"model": "reconocimientos.mencion", "pk": 12, "fields": {"emisor": 1, "receptor": 2, "categoria": 4, "puntuacion": 6, "fecha_realizaci\u00f3n": "2019-12-26T11:00:15.123Z"}}, {"model": "reconocimientos.mencion", "pk": 13, "fields": {"emisor": 1, "receptor": 2, "categoria": 1, "puntuacion": 1, "fecha_realizaci\u00f3n": "2019-12-26T11:06:32.687Z"}}, {"model": "reconocimientos.mencion", "pk": 14, "fields": {"emisor": 1, "receptor": 2, "categoria": 2, "puntuacion": 2, "fecha_realizaci\u00f3n": "2019-12-26T11:06:32.696Z"}}, {"model": "reconocimientos.mencion", "pk": 15, "fields": {"emisor": 1, "receptor": 2, "categoria": 3, "puntuacion": 3, "fecha_realizaci\u00f3n": "2019-12-26T11:06:32.704Z"}}, {"model": "reconocimientos.mencion", "pk": 16, "fields": {"emisor": 1, "receptor": 2, "categoria": 1, "puntuacion": 1, "fecha_realizaci\u00f3n": "2019-12-26T11:06:53.687Z"}}, {"model": "reconocimientos.mencion", "pk": 17, "fields": {"emisor": 1, "receptor": 2, "categoria": 2, "puntuacion": 2, "fecha_realizaci\u00f3n": "2019-12-26T11:06:53.699Z"}}, {"model": "reconocimientos.mencion", "pk": 18, "fields": {"emisor": 1, "receptor": 2, "categoria": 3, "puntuacion": 3, "fecha_realizaci\u00f3n": "2019-12-26T11:06:53.710Z"}}, {"model": "reconocimientos.mencion", "pk": 19, "fields": {"emisor": 1, "receptor": 3, "categoria": 4, "puntuacion": 1, "fecha_realizaci\u00f3n": "2019-12-26T11:11:53.091Z"}}, {"model": "reconocimientos.mencion", "pk": 20, "fields": {"emisor": 1, "receptor": 3, "categoria": 5, "puntuacion": 2, "fecha_realizaci\u00f3n": "2019-12-26T11:11:53.099Z"}}, {"model": "reconocimientos.mencion", "pk": 21, "fields": {"emisor": 1, "receptor": 2, "categoria": 1, "puntuacion": 2, "fecha_realizaci\u00f3n": "2019-12-26T11:12:08.441Z"}}, {"model": "reconocimientos.mencion", "pk": 22, "fields": {"emisor": 1, "receptor": 2, "categoria": 2, "puntuacion": 3, "fecha_realizaci\u00f3n": "2019-12-26T11:12:08.449Z"}}, {"model": "reconocimientos.mencion", "pk": 23, "fields": {"emisor": 1, "receptor": 2, "categoria": 3, "puntuacion": 4, "fecha_realizaci\u00f3n": "2019-12-26T11:12:08.457Z"}}, {"model": "reconocimientos.mencion", "pk": 24, "fields": {"emisor": 1, "receptor": 2, "categoria": 4, "puntuacion": 5, "fecha_realizaci\u00f3n": "2019-12-26T11:12:08.464Z"}}, {"model": "reconocimientos.mencion", "pk": 25, "fields": {"emisor": 1, "receptor": 2, "categoria": 5, "puntuacion": 5, "fecha_realizaci\u00f3n": "2019-12-26T11:12:08.472Z"}}, {"model": "reconocimientos.mencion", "pk": 26, "fields": {"emisor": 1, "receptor": 4, "categoria": 1, "puntuacion": 1, "fecha_realizaci\u00f3n": "2019-12-26T11:15:13.530Z"}}, {"model": "reconocimientos.mencion", "pk": 27, "fields": {"emisor": 1, "receptor": 4, "categoria": 2, "puntuacion": 2, "fecha_realizaci\u00f3n": "2019-12-26T11:15:13.538Z"}}, {"model": "reconocimientos.mencion", "pk": 28, "fields": {"emisor": 1, "receptor": 4, "categoria": 3, "puntuacion": 2, "fecha_realizaci\u00f3n": "2019-12-26T11:15:13.546Z"}}, {"model": "reconocimientos.mencion", "pk": 29, "fields": {"emisor": 1, "receptor": 4, "categoria": 4, "puntuacion": 2, "fecha_realizaci\u00f3n": "2019-12-26T11:15:13.554Z"}}, {"model": "reconocimientos.mencion", "pk": 30, "fields": {"emisor": 1, "receptor": 4, "categoria": 5, "puntuacion": 2, "fecha_realizaci\u00f3n": "2019-12-26T11:15:13.561Z"}}, {"model": "reconocimientos.mencion", "pk": 31, "fields": {"emisor": 1, "receptor": 4, "categoria": 1, "puntuacion": 3, "fecha_realizaci\u00f3n": "2019-12-26T11:15:21.082Z"}}, {"model": "reconocimientos.mencion", "pk": 32, "fields": {"emisor": 1, "receptor": 4, "categoria": 2, "puntuacion": 1, "fecha_realizaci\u00f3n": "2019-12-26T11:15:21.089Z"}}, {"model": "reconocimientos.mencion", "pk": 33, "fields": {"emisor": 1, "receptor": 4, "categoria": 3, "puntuacion": 4, "fecha_realizaci\u00f3n": "2019-12-26T11:15:21.097Z"}}, {"model": "reconocimientos.mencion", "pk": 34, "fields": {"emisor": 1, "receptor": 4, "categoria": 4, "puntuacion": 4, "fecha_realizaci\u00f3n": "2019-12-26T11:15:21.105Z"}}, {"model": "reconocimientos.mencion", "pk": 35, "fields": {"emisor": 1, "receptor": 4, "categoria": 5, "puntuacion": 1, "fecha_realizaci\u00f3n": "2019-12-26T11:15:21.113Z"}}, {"model": "reconocimientos.mencion", "pk": 36, "fields": {"emisor": 1, "receptor": 5, "categoria": 1, "puntuacion": 2, "fecha_realizaci\u00f3n": "2019-12-26T11:15:33.482Z"}}, {"model": "reconocimientos.mencion", "pk": 37, "fields": {"emisor": 1, "receptor": 5, "categoria": 2, "puntuacion": 2, "fecha_realizaci\u00f3n": "2019-12-26T11:15:33.490Z"}}, {"model": "reconocimientos.mencion", "pk": 38, "fields": {"emisor": 1, "receptor": 5, "categoria": 3, "puntuacion": 2, "fecha_realizaci\u00f3n": "2019-12-26T11:15:33.498Z"}}, {"model": "reconocimientos.mencion", "pk": 39, "fields": {"emisor": 1, "receptor": 5, "categoria": 4, "puntuacion": 2, "fecha_realizaci\u00f3n": "2019-12-26T11:15:33.505Z"}}, {"model": "reconocimientos.mencion", "pk": 40, "fields": {"emisor": 1, "receptor": 5, "categoria": 5, "puntuacion": 5, "fecha_realizaci\u00f3n": "2019-12-26T11:15:33.513Z"}}, {"model": "reconocimientos.mencion", "pk": 41, "fields": {"emisor": 1, "receptor": 5, "categoria": 1, "puntuacion": 1, "fecha_realizaci\u00f3n": "2019-12-26T11:15:43.040Z"}}, {"model": "reconocimientos.mencion", "pk": 42, "fields": {"emisor": 1, "receptor": 5, "categoria": 2, "puntuacion": 1, "fecha_realizaci\u00f3n": "2019-12-26T11:15:43.048Z"}}, {"model": "reconocimientos.mencion", "pk": 43, "fields": {"emisor": 1, "receptor": 5, "categoria": 3, "puntuacion": 3, "fecha_realizaci\u00f3n": "2019-12-26T11:15:43.056Z"}}, {"model": "reconocimientos.mencion", "pk": 44, "fields": {"emisor": 1, "receptor": 5, "categoria": 4, "puntuacion": 1, "fecha_realizaci\u00f3n": "2019-12-26T11:15:43.063Z"}}, {"model": "reconocimientos.mencion", "pk": 45, "fields": {"emisor": 1, "receptor": 5, "categoria": 5, "puntuacion": 1, "fecha_realizaci\u00f3n": "2019-12-26T11:15:43.070Z"}}, {"model": "reconocimientos.mencion", "pk": 46, "fields": {"emisor": 1, "receptor": 6, "categoria": 1, "puntuacion": 2, "fecha_realizaci\u00f3n": "2019-12-26T11:16:02.270Z"}}, {"model": "reconocimientos.mencion", "pk": 47, "fields": {"emisor": 1, "receptor": 6, "categoria": 2, "puntuacion": 2, "fecha_realizaci\u00f3n": "2019-12-26T11:16:02.278Z"}}, {"model": "reconocimientos.mencion", "pk": 48, "fields": {"emisor": 1, "receptor": 6, "categoria": 3, "puntuacion": 2, "fecha_realizaci\u00f3n": "2019-12-26T11:16:02.286Z"}}, {"model": "reconocimientos.mencion", "pk": 49, "fields": {"emisor": 1, "receptor": 6, "categoria": 4, "puntuacion": 2, "fecha_realizaci\u00f3n": "2019-12-26T11:16:02.294Z"}}, {"model": "reconocimientos.mencion", "pk": 50, "fields": {"emisor": 1, "receptor": 6, "categoria": 5, "puntuacion": 2, "fecha_realizaci\u00f3n": "2019-12-26T11:16:02.301Z"}}, {"model": "reconocimientos.mencion", "pk": 51, "fields": {"emisor": 1, "receptor": 6, "categoria": 1, "puntuacion": 4, "fecha_realizaci\u00f3n": "2019-12-26T11:16:08.409Z"}}, {"model": "reconocimientos.mencion", "pk": 52, "fields": {"emisor": 1, "receptor": 6, "categoria": 2, "puntuacion": 4, "fecha_realizaci\u00f3n": "2019-12-26T11:16:08.416Z"}}, {"model": "reconocimientos.mencion", "pk": 53, "fields": {"emisor": 1, "receptor": 6, "categoria": 3, "puntuacion": 4, "fecha_realizaci\u00f3n": "2019-12-26T11:16:08.423Z"}}, {"model": "reconocimientos.mencion", "pk": 54, "fields": {"emisor": 1, "receptor": 6, "categoria": 4, "puntuacion": 4, "fecha_realizaci\u00f3n": "2019-12-26T11:16:08.430Z"}}, {"model": "reconocimientos.mencion", "pk": 55, "fields": {"emisor": 1, "receptor": 6, "categoria": 5, "puntuacion": 4, "fecha_realizaci\u00f3n": "2019-12-26T11:16:08.439Z"}}, {"model": "reconocimientos.mencion", "pk": 56, "fields": {"emisor": 1, "receptor": 7, "categoria": 1, "puntuacion": 5, "fecha_realizaci\u00f3n": "2019-12-26T11:16:23.434Z"}}, {"model": "reconocimientos.mencion", "pk": 57, "fields": {"emisor": 1, "receptor": 7, "categoria": 2, "puntuacion": 4, "fecha_realizaci\u00f3n": "2019-12-26T11:16:23.442Z"}}, {"model": "reconocimientos.mencion", "pk": 58, "fields": {"emisor": 1, "receptor": 7, "categoria": 3, "puntuacion": 3, "fecha_realizaci\u00f3n": "2019-12-26T11:16:23.450Z"}}, {"model": "reconocimientos.mencion", "pk": 59, "fields": {"emisor": 1, "receptor": 7, "categoria": 4, "puntuacion": 5, "fecha_realizaci\u00f3n": "2019-12-26T11:16:23.457Z"}}, {"model": "reconocimientos.mencion", "pk": 60, "fields": {"emisor": 1, "receptor": 7, "categoria": 5, "puntuacion": 4, "fecha_realizaci\u00f3n": "2019-12-26T11:16:23.464Z"}}, {"model": "reconocimientos.mencion", "pk": 61, "fields": {"emisor": 1, "receptor": 7, "categoria": 1, "puntuacion": 3, "fecha_realizaci\u00f3n": "2019-12-26T11:16:30.844Z"}}, {"model": "reconocimientos.mencion", "pk": 62, "fields": {"emisor": 1, "receptor": 7, "categoria": 2, "puntuacion": 4, "fecha_realizaci\u00f3n": "2019-12-26T11:16:30.852Z"}}, {"model": "reconocimientos.mencion", "pk": 63, "fields": {"emisor": 1, "receptor": 7, "categoria": 3, "puntuacion": 4, "fecha_realizaci\u00f3n": "2019-12-26T11:16:30.860Z"}}, {"model": "reconocimientos.mencion", "pk": 64, "fields": {"emisor": 1, "receptor": 7, "categoria": 4, "puntuacion": 5, "fecha_realizaci\u00f3n": "2019-12-26T11:16:30.868Z"}}, {"model": "reconocimientos.mencion", "pk": 65, "fields": {"emisor": 1, "receptor": 7, "categoria": 5, "puntuacion": 3, "fecha_realizaci\u00f3n": "2019-12-26T11:16:30.876Z"}}, {"model": "reconocimientos.mencion", "pk": 66, "fields": {"emisor": 1, "receptor": 8, "categoria": 1, "puntuacion": 1, "fecha_realizaci\u00f3n": "2019-12-26T11:25:12.026Z"}}, {"model": "reconocimientos.mencion", "pk": 67, "fields": {"emisor": 1, "receptor": 8, "categoria": 2, "puntuacion": 3, "fecha_realizaci\u00f3n": "2019-12-26T11:25:12.035Z"}}, {"model": "reconocimientos.mencion", "pk": 68, "fields": {"emisor": 1, "receptor": 8, "categoria": 3, "puntuacion": 4, "fecha_realizaci\u00f3n": "2019-12-26T11:25:12.043Z"}}, {"model": "reconocimientos.mencion", "pk": 69, "fields": {"emisor": 1, "receptor": 8, "categoria": 4, "puntuacion": 5, "fecha_realizaci\u00f3n": "2019-12-26T11:25:12.050Z"}}, {"model": "reconocimientos.mencion", "pk": 70, "fields": {"emisor": 1, "receptor": 8, "categoria": 5, "puntuacion": 1, "fecha_realizaci\u00f3n": "2019-12-26T11:25:12.058Z"}}, {"model": "reconocimientos.mencion", "pk": 71, "fields": {"emisor": 1, "receptor": 8, "categoria": 1, "puntuacion": 2, "fecha_realizaci\u00f3n": "2019-12-26T11:25:26.663Z"}}, {"model": "reconocimientos.mencion", "pk": 72, "fields": {"emisor": 1, "receptor": 8, "categoria": 2, "puntuacion": 2, "fecha_realizaci\u00f3n": "2019-12-26T11:25:26.671Z"}}, {"model": "reconocimientos.mencion", "pk": 73, "fields": {"emisor": 1, "receptor": 8, "categoria": 3, "puntuacion": 2, "fecha_realizaci\u00f3n": "2019-12-26T11:25:26.678Z"}}, {"model": "reconocimientos.mencion", "pk": 74, "fields": {"emisor": 1, "receptor": 8, "categoria": 4, "puntuacion": 3, "fecha_realizaci\u00f3n": "2019-12-26T11:25:26.687Z"}}, {"model": "reconocimientos.mencion", "pk": 75, "fields": {"emisor": 1, "receptor": 8, "categoria": 5, "puntuacion": 4, "fecha_realizaci\u00f3n": "2019-12-26T11:25:26.694Z"}}, {"model": "reconocimientos.mencion", "pk": 76, "fields": {"emisor": 11, "receptor": 7, "categoria": 1, "puntuacion": 1, "fecha_realizaci\u00f3n": "2019-12-26T17:31:52.303Z"}}, {"model": "reconocimientos.mencion", "pk": 77, "fields": {"emisor": 11, "receptor": 7, "categoria": 2, "puntuacion": 2, "fecha_realizaci\u00f3n": "2019-12-26T17:31:52.319Z"}}, {"model": "reconocimientos.mencion", "pk": 78, "fields": {"emisor": 11, "receptor": 7, "categoria": 3, "puntuacion": 2, "fecha_realizaci\u00f3n": "2019-12-26T17:31:52.327Z"}}, {"model": "reconocimientos.mencion", "pk": 79, "fields": {"emisor": 11, "receptor": 7, "categoria": 4, "puntuacion": 3, "fecha_realizaci\u00f3n": "2019-12-26T17:31:52.335Z"}}, {"model": "reconocimientos.mencion", "pk": 80, "fields": {"emisor": 11, "receptor": 7, "categoria": 5, "puntuacion": 4, "fecha_realizaci\u00f3n": "2019-12-26T17:31:52.342Z"}}, {"model": "reconocimientos.mencion", "pk": 81, "fields": {"emisor": 11, "receptor": 9, "categoria": 1, "puntuacion": 3, "fecha_realizaci\u00f3n": "2019-12-27T08:44:11.275Z"}}, {"model": "reconocimientos.mencion", "pk": 82, "fields": {"emisor": 11, "receptor": 9, "categoria": 2, "puntuacion": 3, "fecha_realizaci\u00f3n": "2019-12-27T08:44:11.291Z"}}, {"model": "reconocimientos.mencion", "pk": 83, "fields": {"emisor": 11, "receptor": 9, "categoria": 3, "puntuacion": 3, "fecha_realizaci\u00f3n": "2019-12-27T08:44:11.299Z"}}, {"model": "reconocimientos.mencion", "pk": 84, "fields": {"emisor": 11, "receptor": 9, "categoria": 4, "puntuacion": 3, "fecha_realizaci\u00f3n": "2019-12-27T08:44:11.307Z"}}, {"model": "reconocimientos.mencion", "pk": 85, "fields": {"emisor": 11, "receptor": 9, "categoria": 5, "puntuacion": 3, "fecha_realizaci\u00f3n": "2019-12-27T08:44:11.315Z"}}, {"model": "reconocimientos.mencion", "pk": 86, "fields": {"emisor": 11, "receptor": 9, "categoria": 1, "puntuacion": 4, "fecha_realizaci\u00f3n": "2019-12-27T08:44:29.660Z"}}, {"model": "reconocimientos.mencion", "pk": 87, "fields": {"emisor": 11, "receptor": 9, "categoria": 2, "puntuacion": 1, "fecha_realizaci\u00f3n": "2019-12-27T08:44:29.668Z"}}, {"model": "reconocimientos.mencion", "pk": 88, "fields": {"emisor": 11, "receptor": 9, "categoria": 3, "puntuacion": 3, "fecha_realizaci\u00f3n": "2019-12-27T08:44:29.676Z"}}, {"model": "reconocimientos.mencion", "pk": 89, "fields": {"emisor": 11, "receptor": 9, "categoria": 4, "puntuacion": 2, "fecha_realizaci\u00f3n": "2019-12-27T08:44:29.685Z"}}, {"model": "reconocimientos.mencion", "pk": 90, "fields": {"emisor": 11, "receptor": 9, "categoria": 5, "puntuacion": 1, "fecha_realizaci\u00f3n": "2019-12-27T08:44:29.698Z"}}, {"model": "reconocimientos.mencion", "pk": 91, "fields": {"emisor": 11, "receptor": 10, "categoria": 1, "puntuacion": 1, "fecha_realizaci\u00f3n": "2019-12-27T08:44:52.382Z"}}, {"model": "reconocimientos.mencion", "pk": 92, "fields": {"emisor": 11, "receptor": 10, "categoria": 2, "puntuacion": 2, "fecha_realizaci\u00f3n": "2019-12-27T08:44:52.391Z"}}, {"model": "reconocimientos.mencion", "pk": 93, "fields": {"emisor": 11, "receptor": 10, "categoria": 3, "puntuacion": 2, "fecha_realizaci\u00f3n": "2019-12-27T08:44:52.399Z"}}, {"model": "reconocimientos.mencion", "pk": 94, "fields": {"emisor": 11, "receptor": 10, "categoria": 4, "puntuacion": 2, "fecha_realizaci\u00f3n": "2019-12-27T08:44:52.406Z"}}, {"model": "reconocimientos.mencion", "pk": 95, "fields": {"emisor": 11, "receptor": 10, "categoria": 5, "puntuacion": 4, "fecha_realizaci\u00f3n": "2019-12-27T08:44:52.414Z"}}, {"model": "reconocimientos.mencion", "pk": 96, "fields": {"emisor": 11, "receptor": 10, "categoria": 1, "puntuacion": 5, "fecha_realizaci\u00f3n": "2019-12-27T08:45:01.823Z"}}, {"model": "reconocimientos.mencion", "pk": 97, "fields": {"emisor": 11, "receptor": 10, "categoria": 2, "puntuacion": 5, "fecha_realizaci\u00f3n": "2019-12-27T08:45:01.830Z"}}, {"model": "reconocimientos.mencion", "pk": 98, "fields": {"emisor": 11, "receptor": 10, "categoria": 3, "puntuacion": 1, "fecha_realizaci\u00f3n": "2019-12-27T08:45:01.838Z"}}, {"model": "reconocimientos.mencion", "pk": 99, "fields": {"emisor": 11, "receptor": 10, "categoria": 4, "puntuacion": 3, "fecha_realizaci\u00f3n": "2019-12-27T08:45:01.846Z"}}, {"model": "reconocimientos.mencion", "pk": 100, "fields": {"emisor": 11, "receptor": 10, "categoria": 5, "puntuacion": 5, "fecha_realizaci\u00f3n": "2019-12-27T08:45:01.853Z"}}, {"model": "reconocimientos.mencion", "pk": 101, "fields": {"emisor": 1, "receptor": 11, "categoria": 3, "puntuacion": 4, "fecha_realizaci\u00f3n": "2019-12-27T08:46:32.922Z"}}, {"model": "reconocimientos.mencion", "pk": 102, "fields": {"emisor": 1, "receptor": 11, "categoria": 4, "puntuacion": 5, "fecha_realizaci\u00f3n": "2019-12-27T08:46:32.931Z"}}, {"model": "reconocimientos.mencion", "pk": 103, "fields": {"emisor": 1, "receptor": 11, "categoria": 5, "puntuacion": 4, "fecha_realizaci\u00f3n": "2019-12-27T08:46:32.938Z"}}, {"model": "reconocimientos.mencion", "pk": 104, "fields": {"emisor": 1, "receptor": 11, "categoria": 3, "puntuacion": 1, "fecha_realizaci\u00f3n": "2019-12-27T08:46:42.838Z"}}, {"model": "reconocimientos.mencion", "pk": 105, "fields": {"emisor": 1, "receptor": 11, "categoria": 4, "puntuacion": 2, "fecha_realizaci\u00f3n": "2019-12-27T08:46:42.847Z"}}, {"model": "reconocimientos.mencion", "pk": 106, "fields": {"emisor": 1, "receptor": 11, "categoria": 5, "puntuacion": 1, "fecha_realizaci\u00f3n": "2019-12-27T08:46:42.854Z"}}, {"model": "reconocimientos.mencion", "pk": 107, "fields": {"emisor": 11, "receptor": 3, "categoria": 4, "puntuacion": 3, "fecha_realizaci\u00f3n": "2019-12-27T12:17:26.575Z"}}, {"model": "reconocimientos.mencion", "pk": 108, "fields": {"emisor": 11, "receptor": 3, "categoria": 5, "puntuacion": 4, "fecha_realizaci\u00f3n": "2019-12-27T12:17:26.593Z"}}, {"model": "reconocimientos.mencion", "pk": 109, "fields": {"emisor": 11, "receptor": 3, "categoria": 4, "puntuacion": 3, "fecha_realizaci\u00f3n": "2019-12-27T12:19:24.095Z"}}, {"model": "reconocimientos.mencion", "pk": 110, "fields": {"emisor": 11, "receptor": 3, "categoria": 5, "puntuacion": 4, "fecha_realizaci\u00f3n": "2019-12-27T12:19:24.105Z"}}, {"model": "reconocimientos.mencion", "pk": 111, "fields": {"emisor": 11, "receptor": 7, "categoria": 1, "puntuacion": 1, "fecha_realizaci\u00f3n": "2019-12-27T12:22:21.613Z"}}, {"model": "reconocimientos.mencion", "pk": 112, "fields": {"emisor": 11, "receptor": 7, "categoria": 2, "puntuacion": 2, "fecha_realizaci\u00f3n": "2019-12-27T12:22:21.623Z"}}, {"model": "reconocimientos.mencion", "pk": 113, "fields": {"emisor": 11, "receptor": 7, "categoria": 3, "puntuacion": 2, "fecha_realizaci\u00f3n": "2019-12-27T12:22:21.631Z"}}, {"model": "reconocimientos.mencion", "pk": 114, "fields": {"emisor": 11, "receptor": 7, "categoria": 4, "puntuacion": 3, "fecha_realizaci\u00f3n": "2019-12-27T12:22:21.639Z"}}, {"model": "reconocimientos.mencion", "pk": 115, "fields": {"emisor": 11, "receptor": 7, "categoria": 5, "puntuacion": 1, "fecha_realizaci\u00f3n": "2019-12-27T12:22:21.646Z"}}, {"model": "reconocimientos.mencion", "pk": 116, "fields": {"emisor": 11, "receptor": 4, "categoria": 1, "puntuacion": 3, "fecha_realizaci\u00f3n": "2019-12-30T13:14:53.343Z"}}, {"model": "reconocimientos.mencion", "pk": 117, "fields": {"emisor": 11, "receptor": 4, "categoria": 2, "puntuacion": 3, "fecha_realizaci\u00f3n": "2019-12-30T13:14:53.352Z"}}, {"model": "reconocimientos.mencion", "pk": 118, "fields": {"emisor": 11, "receptor": 4, "categoria": 3, "puntuacion": 3, "fecha_realizaci\u00f3n": "2019-12-30T13:14:53.359Z"}}, {"model": "reconocimientos.mencion", "pk": 119, "fields": {"emisor": 11, "receptor": 4, "categoria": 4, "puntuacion": 3, "fecha_realizaci\u00f3n": "2019-12-30T13:14:53.367Z"}}, {"model": "reconocimientos.mencion", "pk": 120, "fields": {"emisor": 11, "receptor": 4, "categoria": 5, "puntuacion": 3, "fecha_realizaci\u00f3n": "2019-12-30T13:14:53.376Z"}}, {"model": "reconocimientos.mencion", "pk": 121, "fields": {"emisor": 11, "receptor": 4, "categoria": 1, "puntuacion": 3, "fecha_realizaci\u00f3n": "2019-12-30T13:16:36.532Z"}}, {"model": "reconocimientos.mencion", "pk": 122, "fields": {"emisor": 11, "receptor": 4, "categoria": 2, "puntuacion": 3, "fecha_realizaci\u00f3n": "2019-12-30T13:16:36.541Z"}}, {"model": "reconocimientos.mencion", "pk": 123, "fields": {"emisor": 11, "receptor": 4, "categoria": 3, "puntuacion": 3, "fecha_realizaci\u00f3n": "2019-12-30T13:16:36.549Z"}}, {"model": "reconocimientos.mencion", "pk": 124, "fields": {"emisor": 11, "receptor": 4, "categoria": 4, "puntuacion": 3, "fecha_realizaci\u00f3n": "2019-12-30T13:16:36.557Z"}}, {"model": "reconocimientos.mencion", "pk": 125, "fields": {"emisor": 11, "receptor": 4, "categoria": 5, "puntuacion": 3, "fecha_realizaci\u00f3n": "2019-12-30T13:16:36.565Z"}}, {"model": "reconocimientos.mencion", "pk": 126, "fields": {"emisor": 11, "receptor": 4, "categoria": 1, "puntuacion": 2, "fecha_realizaci\u00f3n": "2019-12-30T13:17:15.771Z"}}, {"model": "reconocimientos.mencion", "pk": 127, "fields": {"emisor": 11, "receptor": 4, "categoria": 2, "puntuacion": 2, "fecha_realizaci\u00f3n": "2019-12-30T13:17:15.781Z"}}, {"model": "reconocimientos.mencion", "pk": 128, "fields": {"emisor": 11, "receptor": 4, "categoria": 3, "puntuacion": 2, "fecha_realizaci\u00f3n": "2019-12-30T13:17:15.789Z"}}, {"model": "reconocimientos.mencion", "pk": 129, "fields": {"emisor": 11, "receptor": 4, "categoria": 4, "puntuacion": 2, "fecha_realizaci\u00f3n": "2019-12-30T13:17:15.796Z"}}, {"model": "reconocimientos.mencion", "pk": 130, "fields": {"emisor": 11, "receptor": 4, "categoria": 5, "puntuacion": 2, "fecha_realizaci\u00f3n": "2019-12-30T13:17:15.808Z"}}, {"model": "reconocimientos.mencion", "pk": 131, "fields": {"emisor": 11, "receptor": 16, "categoria": 1, "puntuacion": 1, "fecha_realizaci\u00f3n": "2020-01-08T10:50:55.643Z"}}, {"model": "reconocimientos.mencion", "pk": 132, "fields": {"emisor": 11, "receptor": 16, "categoria": 3, "puntuacion": 3, "fecha_realizaci\u00f3n": "2020-01-08T10:50:55.651Z"}}, {"model": "reconocimientos.mencion", "pk": 133, "fields": {"emisor": 11, "receptor": 16, "categoria": 5, "puntuacion": 5, "fecha_realizaci\u00f3n": "2020-01-08T10:50:55.659Z"}}, {"model": "reconocimientos.mencion", "pk": 134, "fields": {"emisor": 11, "receptor": 15, "categoria": 1, "puntuacion": 1, "fecha_realizaci\u00f3n": "2020-01-08T11:38:38.528Z"}}, {"model": "reconocimientos.mencion", "pk": 135, "fields": {"emisor": 11, "receptor": 15, "categoria": 2, "puntuacion": 2, "fecha_realizaci\u00f3n": "2020-01-08T11:38:38.537Z"}}, {"model": "reconocimientos.mencion", "pk": 136, "fields": {"emisor": 11, "receptor": 15, "categoria": 3, "puntuacion": 2, "fecha_realizaci\u00f3n": "2020-01-08T11:38:38.545Z"}}, {"model": "reconocimientos.mencion", "pk": 137, "fields": {"emisor": 11, "receptor": 15, "categoria": 4, "puntuacion": 2, "fecha_realizaci\u00f3n": "2020-01-08T11:38:38.552Z"}}, {"model": "reconocimientos.mencion", "pk": 138, "fields": {"emisor": 11, "receptor": 15, "categoria": 5, "puntuacion": 3, "fecha_realizaci\u00f3n": "2020-01-08T11:38:38.559Z"}}, {"model": "reconocimientos.mencion", "pk": 139, "fields": {"emisor": 11, "receptor": 14, "categoria": 2, "puntuacion": 3, "fecha_realizaci\u00f3n": "2020-01-08T11:46:31.438Z"}}, {"model": "reconocimientos.mencion", "pk": 140, "fields": {"emisor": 11, "receptor": 14, "categoria": 4, "puntuacion": 3, "fecha_realizaci\u00f3n": "2020-01-08T11:46:31.448Z"}}, {"model": "reconocimientos.mencion", "pk": 141, "fields": {"emisor": 11, "receptor": 13, "categoria": 2, "puntuacion": 1, "fecha_realizaci\u00f3n": "2020-01-08T16:52:44.908Z"}}, {"model": "reconocimientos.mencion", "pk": 142, "fields": {"emisor": 11, "receptor": 13, "categoria": 4, "puntuacion": 5, "fecha_realizaci\u00f3n": "2020-01-08T16:52:44.916Z"}}, {"model": "reconocimientos.mencion", "pk": 143, "fields": {"emisor": 11, "receptor": 13, "categoria": 5, "puntuacion": 5, "fecha_realizaci\u00f3n": "2020-01-08T16:52:44.932Z"}}, {"model": "reconocimientos.proyecto", "pk": 1, "fields": {"nombre": "Big Data", "descripcion": "", "codigo": "BT1", "creado": "2019-12-23T16:43:32.585Z", "actualizado": "2019-12-23T16:43:32.585Z", "dificultad": 5, "autor": 1}}, {"model": "reconocimientos.proyecto", "pk": 2, "fields": {"nombre": "Java", "descripcion": "", "codigo": "BT2", "creado": "2019-12-23T16:43:43.734Z", "actualizado": "2019-12-23T16:43:43.734Z", "dificultad": 4, "autor": 1}}, {"model": "reconocimientos.proyecto", "pk": 3, "fields": {"nombre": "Python", "descripcion": "", "codigo": "BT3", "creado": "2019-12-23T16:43:57.157Z", "actualizado": "2019-12-23T16:43:57.157Z", "dificultad": 3, "autor": 1}}, {"model": "reconocimientos.proyecto", "pk": 4, "fields": {"nombre": "Django", "descripcion": "", "codigo": "BT4", "creado": "2019-12-23T16:44:10.938Z", "actualizado": "2019-12-23T16:44:10.938Z", "dificultad": 2, "autor": 1}}, {"model": "reconocimientos.proyecto", "pk": 5, "fields": {"nombre": "Automatizaci\u00f3n", "descripcion": "", "codigo": "BT5", "creado": "2019-12-23T16:44:33.544Z", "actualizado": "2019-12-23T16:44:33.544Z", "dificultad": 1, "autor": 1}}, {"model": "admin.logentry", "pk": 1, "fields": {"action_time": "2019-12-23T16:34:10.426Z", "user": 1, "content_type": 8, "object_id": "1", "object_repr": "A", "action_flag": 1, "change_message": "[{\"added\": {}}]"}}, {"model": "admin.logentry", "pk": 2, "fields": {"action_time": "2019-12-23T16:34:17.147Z", "user": 1, "content_type": 8, "object_id": "2", "object_repr": "B", "action_flag": 1, "change_message": "[{\"added\": {}}]"}}, {"model": "admin.logentry", "pk": 3, "fields": {"action_time": "2019-12-23T16:34:25.402Z", "user": 1, "content_type": 8, "object_id": "3", "object_repr": "C", "action_flag": 1, "change_message": "[{\"added\": {}}]"}}, {"model": "admin.logentry", "pk": 4, "fields": {"action_time": "2019-12-23T16:34:31.752Z", "user": 1, "content_type": 8, "object_id": "4", "object_repr": "D", "action_flag": 1, "change_message": "[{\"added\": {}}]"}}, {"model": "admin.logentry", "pk": 5, "fields": {"action_time": "2019-12-23T16:34:38.438Z", "user": 1, "content_type": 8, "object_id": "5", "object_repr": "E", "action_flag": 1, "change_message": "[{\"added\": {}}]"}}, {"model": "admin.logentry", "pk": 6, "fields": {"action_time": "2019-12-23T16:34:46.402Z", "user": 1, "content_type": 8, "object_id": "6", "object_repr": "N/A", "action_flag": 1, "change_message": "[{\"added\": {}}]"}}, {"model": "admin.logentry", "pk": 7, "fields": {"action_time": "2019-12-23T16:36:42.164Z", "user": 1, "content_type": 6, "object_id": "1", "object_repr": "Admin ", "action_flag": 2, "change_message": "[{\"changed\": {\"fields\": [\"First name\"]}}]"}}, {"model": "admin.logentry", "pk": 8, "fields": {"action_time": "2019-12-23T16:43:32.587Z", "user": 1, "content_type": 9, "object_id": "1", "object_repr": "Big Data", "action_flag": 1, "change_message": "[{\"added\": {}}]"}}, {"model": "admin.logentry", "pk": 9, "fields": {"action_time": "2019-12-23T16:43:43.738Z", "user": 1, "content_type": 9, "object_id": "2", "object_repr": "Java", "action_flag": 1, "change_message": "[{\"added\": {}}]"}}, {"model": "admin.logentry", "pk": 10, "fields": {"action_time": "2019-12-23T16:43:57.159Z", "user": 1, "content_type": 9, "object_id": "3", "object_repr": "Python", "action_flag": 1, "change_message": "[{\"added\": {}}]"}}, {"model": "admin.logentry", "pk": 11, "fields": {"action_time": "2019-12-23T16:44:10.942Z", "user": 1, "content_type": 9, "object_id": "4", "object_repr": "Django", "action_flag": 1, "change_message": "[{\"added\": {}}]"}}, {"model": "admin.logentry", "pk": 12, "fields": {"action_time": "2019-12-23T16:44:33.549Z", "user": 1, "content_type": 9, "object_id": "5", "object_repr": "Automatizaci\u00f3n", "action_flag": 1, "change_message": "[{\"added\": {}}]"}}, {"model": "admin.logentry", "pk": 13, "fields": {"action_time": "2019-12-23T16:45:39.647Z", "user": 1, "content_type": 6, "object_id": "1", "object_repr": "Admin ", "action_flag": 2, "change_message": "[{\"changed\": {\"fields\": [\"Active\"]}}]"}}, {"model": "admin.logentry", "pk": 14, "fields": {"action_time": "2019-12-26T08:40:14.241Z", "user": 1, "content_type": 10, "object_id": "1", "object_repr": "Mencion object (1)", "action_flag": 1, "change_message": "[{\"added\": {}}]"}}, {"model": "admin.logentry", "pk": 15, "fields": {"action_time": "2019-12-26T08:40:25.873Z", "user": 1, "content_type": 10, "object_id": "2", "object_repr": "Mencion object (2)", "action_flag": 1, "change_message": "[{\"added\": {}}]"}}, {"model": "admin.logentry", "pk": 16, "fields": {"action_time": "2019-12-26T08:40:37.597Z", "user": 1, "content_type": 10, "object_id": "3", "object_repr": "Mencion object (3)", "action_flag": 1, "change_message": "[{\"added\": {}}]"}}, {"model": "admin.logentry", "pk": 17, "fields": {"action_time": "2019-12-26T08:40:51.637Z", "user": 1, "content_type": 10, "object_id": "4", "object_repr": "Mencion object (4)", "action_flag": 1, "change_message": "[{\"added\": {}}]"}}, {"model": "admin.logentry", "pk": 18, "fields": {"action_time": "2019-12-26T08:41:14.848Z", "user": 1, "content_type": 10, "object_id": "5", "object_repr": "Mencion object (5)", "action_flag": 1, "change_message": "[{\"added\": {}}]"}}, {"model": "admin.logentry", "pk": 19, "fields": {"action_time": "2019-12-26T09:07:59.224Z", "user": 1, "content_type": 6, "object_id": "8", "object_repr": "Octavio Mart\u00edn", "action_flag": 2, "change_message": "[{\"changed\": {\"fields\": [\"Categorias\"]}}]"}}, {"model": "admin.logentry", "pk": 20, "fields": {"action_time": "2019-12-26T09:40:33.167Z", "user": 1, "content_type": 6, "object_id": "7", "object_repr": "Gonzalo Mart\u00ednez", "action_flag": 2, "change_message": "[{\"changed\": {\"fields\": [\"Categorias\"]}}]"}}, {"model": "admin.logentry", "pk": 21, "fields": {"action_time": "2019-12-26T09:40:44.975Z", "user": 1, "content_type": 6, "object_id": "6", "object_repr": "Alfredo Ru\u00edz", "action_flag": 2, "change_message": "[{\"changed\": {\"fields\": [\"Categorias\"]}}]"}}, {"model": "admin.logentry", "pk": 22, "fields": {"action_time": "2019-12-26T09:40:57.486Z", "user": 1, "content_type": 6, "object_id": "5", "object_repr": "Carlos Jim\u00e9nez", "action_flag": 2, "change_message": "[{\"changed\": {\"fields\": [\"Categorias\"]}}]"}}, {"model": "admin.logentry", "pk": 23, "fields": {"action_time": "2019-12-26T09:41:06.687Z", "user": 1, "content_type": 6, "object_id": "4", "object_repr": "Luis L\u00f3pez", "action_flag": 2, "change_message": "[{\"changed\": {\"fields\": [\"Categorias\"]}}]"}}, {"model": "admin.logentry", "pk": 24, "fields": {"action_time": "2019-12-26T09:41:18.455Z", "user": 1, "content_type": 6, "object_id": "3", "object_repr": "Pedro G\u00f3mez", "action_flag": 2, "change_message": "[{\"changed\": {\"fields\": [\"Categorias\"]}}]"}}, {"model": "admin.logentry", "pk": 25, "fields": {"action_time": "2019-12-26T09:41:32.372Z", "user": 1, "content_type": 6, "object_id": "3", "object_repr": "Pedro G\u00f3mez", "action_flag": 2, "change_message": "[{\"changed\": {\"fields\": [\"Categorias\"]}}]"}}, {"model": "admin.logentry", "pk": 26, "fields": {"action_time": "2019-12-26T09:44:20.128Z", "user": 1, "content_type": 6, "object_id": "8", "object_repr": "Octavio Mart\u00edn", "action_flag": 2, "change_message": "[{\"changed\": {\"fields\": [\"Proyecto\"]}}]"}}, {"model": "admin.logentry", "pk": 27, "fields": {"action_time": "2019-12-26T09:50:35.144Z", "user": 1, "content_type": 6, "object_id": "7", "object_repr": "Gonzalo Mart\u00ednez", "action_flag": 2, "change_message": "[{\"changed\": {\"fields\": [\"Proyecto\"]}}]"}}, {"model": "admin.logentry", "pk": 28, "fields": {"action_time": "2019-12-26T09:50:42.616Z", "user": 1, "content_type": 6, "object_id": "6", "object_repr": "Alfredo Ru\u00edz", "action_flag": 2, "change_message": "[{\"changed\": {\"fields\": [\"Proyecto\"]}}]"}}, {"model": "admin.logentry", "pk": 29, "fields": {"action_time": "2019-12-26T09:50:49.533Z", "user": 1, "content_type": 6, "object_id": "5", "object_repr": "Carlos Jim\u00e9nez", "action_flag": 2, "change_message": "[{\"changed\": {\"fields\": [\"Proyecto\"]}}]"}}, {"model": "admin.logentry", "pk": 30, "fields": {"action_time": "2019-12-26T09:50:57.445Z", "user": 1, "content_type": 6, "object_id": "4", "object_repr": "Luis L\u00f3pez", "action_flag": 2, "change_message": "[{\"changed\": {\"fields\": [\"Proyecto\"]}}]"}}, {"model": "admin.logentry", "pk": 31, "fields": {"action_time": "2019-12-26T09:51:06.813Z", "user": 1, "content_type": 6, "object_id": "3", "object_repr": "Pedro G\u00f3mez", "action_flag": 2, "change_message": "[{\"changed\": {\"fields\": [\"Proyecto\"]}}]"}}, {"model": "admin.logentry", "pk": 32, "fields": {"action_time": "2019-12-26T09:51:17.783Z", "user": 1, "content_type": 6, "object_id": "2", "object_repr": "Andr\u00e9s Gonz\u00e1lez", "action_flag": 2, "change_message": "[{\"changed\": {\"fields\": [\"Proyecto\"]}}]"}}, {"model": "admin.logentry", "pk": 33, "fields": {"action_time": "2019-12-26T09:52:58.008Z", "user": 1, "content_type": 6, "object_id": "2", "object_repr": "Andr\u00e9s Gonz\u00e1lez", "action_flag": 2, "change_message": "[{\"changed\": {\"fields\": [\"Categorias\"]}}]"}}, {"model": "admin.logentry", "pk": 34, "fields": {"action_time": "2019-12-26T10:00:38.793Z", "user": 1, "content_type": 7, "object_id": "5", "object_repr": "/bluetab Values & Fellowship", "action_flag": 2, "change_message": "[{\"changed\": {\"fields\": [\"Nombre\"]}}]"}}, {"model": "admin.logentry", "pk": 35, "fields": {"action_time": "2019-12-26T10:00:56.832Z", "user": 1, "content_type": 7, "object_id": "4", "object_repr": "Ideation & Change Skills", "action_flag": 2, "change_message": "[{\"changed\": {\"fields\": [\"Nombre\"]}}]"}}, {"model": "admin.logentry", "pk": 36, "fields": {"action_time": "2019-12-26T11:19:01.200Z", "user": 1, "content_type": 6, "object_id": "5", "object_repr": "Carlos Jim\u00e9nez", "action_flag": 2, "change_message": "[{\"changed\": {\"fields\": [\"Username\"]}}]"}}, {"model": "admin.logentry", "pk": 37, "fields": {"action_time": "2019-12-26T11:19:58.404Z", "user": 1, "content_type": 6, "object_id": "3", "object_repr": "Pedro G\u00f3mez", "action_flag": 2, "change_message": "[{\"changed\": {\"fields\": [\"Username\"]}}]"}}, {"model": "admin.logentry", "pk": 38, "fields": {"action_time": "2019-12-26T11:20:10.058Z", "user": 1, "content_type": 6, "object_id": "2", "object_repr": "Andr\u00e9s Gonz\u00e1lez", "action_flag": 2, "change_message": "[{\"changed\": {\"fields\": [\"Username\"]}}]"}}, {"model": "admin.logentry", "pk": 39, "fields": {"action_time": "2019-12-26T11:20:21.014Z", "user": 1, "content_type": 6, "object_id": "4", "object_repr": "Luis L\u00f3pez", "action_flag": 2, "change_message": "[{\"changed\": {\"fields\": [\"Username\"]}}]"}}, {"model": "admin.logentry", "pk": 40, "fields": {"action_time": "2019-12-26T16:32:12.761Z", "user": 1, "content_type": 6, "object_id": "9", "object_repr": "Xavier Guzm\u00e1n", "action_flag": 2, "change_message": "[{\"changed\": {\"fields\": [\"Categorias\", \"Proyecto\"]}}]"}}, {"model": "admin.logentry", "pk": 41, "fields": {"action_time": "2019-12-26T16:32:23.749Z", "user": 1, "content_type": 6, "object_id": "10", "object_repr": "Santiago L\u00f3pez", "action_flag": 2, "change_message": "[{\"changed\": {\"fields\": [\"Categorias\", \"Proyecto\"]}}]"}}, {"model": "admin.logentry", "pk": 42, "fields": {"action_time": "2019-12-26T16:32:39.425Z", "user": 1, "content_type": 6, "object_id": "11", "object_repr": "Antonio Cuenca", "action_flag": 2, "change_message": "[{\"changed\": {\"fields\": [\"Categorias\", \"Proyecto\"]}}]"}}, {"model": "admin.logentry", "pk": 43, "fields": {"action_time": "2019-12-27T10:24:27.477Z", "user": 1, "content_type": 6, "object_id": "10", "object_repr": "Santiago L\u00f3pez", "action_flag": 2, "change_message": "[{\"changed\": {\"fields\": [\"Username\"]}}]"}}, {"model": "admin.logentry", "pk": 44, "fields": {"action_time": "2019-12-27T10:24:39.965Z", "user": 1, "content_type": 6, "object_id": "9", "object_repr": "Xavier Guzm\u00e1n", "action_flag": 2, "change_message": "[{\"changed\": {\"fields\": [\"Username\"]}}]"}}, {"model": "admin.logentry", "pk": 45, "fields": {"action_time": "2019-12-27T10:24:52.073Z", "user": 1, "content_type": 6, "object_id": "8", "object_repr": "Octavio Mart\u00edn", "action_flag": 2, "change_message": "[{\"changed\": {\"fields\": [\"Username\"]}}]"}}, {"model": "admin.logentry", "pk": 46, "fields": {"action_time": "2019-12-27T10:25:02.350Z", "user": 1, "content_type": 6, "object_id": "7", "object_repr": "Gonzalo Mart\u00ednez", "action_flag": 2, "change_message": "[{\"changed\": {\"fields\": [\"Username\"]}}]"}}, {"model": "admin.logentry", "pk": 47, "fields": {"action_time": "2019-12-27T10:25:12.417Z", "user": 1, "content_type": 6, "object_id": "6", "object_repr": "Alfredo Ru\u00edz", "action_flag": 2, "change_message": "[{\"changed\": {\"fields\": [\"Username\"]}}]"}}, {"model": "admin.logentry", "pk": 48, "fields": {"action_time": "2019-12-27T10:25:23.655Z", "user": 1, "content_type": 6, "object_id": "4", "object_repr": "Luis L\u00f3pez", "action_flag": 2, "change_message": "[{\"changed\": {\"fields\": [\"Username\"]}}]"}}, {"model": "admin.logentry", "pk": 49, "fields": {"action_time": "2019-12-27T10:25:35.300Z", "user": 1, "content_type": 6, "object_id": "3", "object_repr": "Pedro G\u00f3mez", "action_flag": 2, "change_message": "[{\"changed\": {\"fields\": [\"Username\"]}}]"}}, {"model": "admin.logentry", "pk": 50, "fields": {"action_time": "2019-12-27T10:25:47.563Z", "user": 1, "content_type": 6, "object_id": "2", "object_repr": "Andr\u00e9s Gonz\u00e1lez", "action_flag": 2, "change_message": "[{\"changed\": {\"fields\": [\"Username\"]}}]"}}, {"model": "admin.logentry", "pk": 51, "fields": {"action_time": "2020-01-07T16:53:03.341Z", "user": 1, "content_type": 6, "object_id": "16", "object_repr": "Nadia Luengo", "action_flag": 2, "change_message": "[{\"changed\": {\"fields\": [\"Categorias\", \"Proyectos\"]}}]"}}, {"model": "admin.logentry", "pk": 52, "fields": {"action_time": "2020-01-08T10:22:37.568Z", "user": 1, "content_type": 6, "object_id": "15", "object_repr": "Victoria Lares", "action_flag": 2, "change_message": "[{\"changed\": {\"fields\": [\"Categorias\", \"Proyectos\"]}}]"}}, {"model": "admin.logentry", "pk": 53, "fields": {"action_time": "2020-01-08T10:42:14.598Z", "user": 1, "content_type": 6, "object_id": "14", "object_repr": "Manuel Molina", "action_flag": 2, "change_message": "[{\"changed\": {\"fields\": [\"Categorias\", \"Proyectos\"]}}]"}}, {"model": "admin.logentry", "pk": 54, "fields": {"action_time": "2020-01-08T15:51:10.122Z", "user": 1, "content_type": 6, "object_id": "13", "object_repr": "Fernando Lara", "action_flag": 2, "change_message": "[{\"changed\": {\"fields\": [\"Categorias\", \"Proyectos\"]}}]"}}]